<?xml version="1.0"?>
<doc>
    <assembly>
        <name>Presentation</name>
    </assembly>
    <members>
        <member name="M:Presentation.Controllers.ClientRegistrationController.RegisterClient(Shared.DataTransferObject.ClientIdentityDTOs.ClientRegisterDTO)">
            <summary>
            Initiates the client registration process by creating an unconfirmed user and sending OTP verification.
            </summary>
            <remarks>
            This endpoint creates a user with unconfirmed email status and sends an OTP for verification.
            The user cannot login until the OTP is verified via the VerifyOtp endpoint.
            </remarks>
            <param name="clientRegisterDTO">Client registration data including name, email, phone number, and password.</param>
            <returns>Returns OTP response with success status and verification instructions.</returns>
            <response code="201">Returns when registration is initiated successfully and OTP is sent</response>
            <response code="400">Returns when validation fails (invalid data format)</response>
            <response code="409">Returns when email or phone number already exists</response>
            <response code="500">Returns when internal server error occurs</response>
        </member>
        <member name="M:Presentation.Controllers.ClientRegistrationController.VerifyOtp(Shared.DataTransferObject.OtpDTOs.OtpVerificationDTO)">
            <summary>
            Completes the client registration process by verifying the OTP and activating the user account.
            </summary>
            <remarks>
            This endpoint verifies the OTP code (valid only for 3 minutes) sent to the user's email and activates the previously created user account.
            Upon successful verification, the user's email is confirmed and they are assigned the Client role.
            </remarks>
            <param name="otpVerificationDTO">OTP verification data containing email and OTP code.</param>
            <returns>Returns complete client profile with authentication tokens.</returns>
            <response code="200">Returns when OTP is verified successfully and user is activated</response>
            <response code="404">Returns when no user found with the provided email</response>
            <response code="406">Returns when OTP is invalid or expired</response>
            <response code="500">Returns when internal server error occurs</response>
        </member>
    </members>
</doc>
